ID,Title,Author,Year,Format,File
1,Instagram vs reality,Ellen Yeh ddk,2024,PDF,ebook/ini sih_250902_121229.pdf
2,Money ,Dada Bhagwan,2025,PDF,ebook/The-Science-Of-Money.pdf
3,Who Am I?,Dada Bhagwan,2021,PDF,ebook/Who-Am-I.pdf
4,Science of Speech,Dada Bhagwan,2021,PDF,ebook/Science-Of-Speech.pdf
5,Self-Realization,Dada Bhagwan,2022,PDF,ebook/Simple-and-Effective-Science-For-Self-Realization.pdf
6,The Little Book of Emotional Freedomm,Dipanshu Rawal,2024,PDF,ebook/The-Little-Book-of-Emotional-Freedom.pdf
7,The Path to Breaking Free From Addiction,Dada Bhagwan,2024,PDF,ebook/The-Path-to-Breaking-Free-From-Addiction.pdf
8,The Science of Human Nature A Psychology for Beginner,William Henry,2024,PDF,ebook/The-Science-of-Human-Nature-A-Psychology-for-Beginners.pdf
9,Upanishads,Friedrich Max MÃ¼ller,2025,PDF,ebook/Upanishads.pdf
10,Little Women,Louisa May Alcott,2024,PDF,ebook/Little-Women.pdf
11,Life Without Conflict,Dada Bhagwan,2007,PDF,ebook/Life-Without-Conflict.pdf
